Id,class_0,class_1
00eed32682bb,0.5959854082920686,0.4040146026112203
010ebe33f668,0.5959854082920686,0.4040146026112203
02fa521e1838,0.5959854082920686,0.4040146026112203
040e15f562a2,0.5959854082920686,0.4040146026112203
046e85c7cc7f,0.5959854082920686,0.4040146026112203
